1OQE_L	1OQE_L
1OQE_L	1OQE_P
1OQE_L	1OQE_K
1OQE_L	1OQE_R
1OQE_L	1OQE_Q
1OQE_L	1OQE_M
1OQE_L	1OQE_O
3G3A_A	3G3A_A
1WR6_A	1WR6_A
1WR6_A	1YD8_H
2G9H_C	2G9H_C
2G9H_C	3S5L_C
2G9H_C	2OJE_C
4NSO_B	4NSO_B
7SBG_C	7SBG_C
3CJS_B	3CJS_B
4ZRK_B	4ZRK_B
3A1U_A	3A1U_A
5D71_A	5D71_A
3JSY_B	3JSY_B
2IT2_B	2IT2_B
7A5S_A	7A5S_A
2OX7_B	2OX7_B
3LAE_A	3LAE_A
2INC_A	2INC_A
3SJA_I	3SJA_I
2JBY_A	2JBY_A
5IP4_E	5IP4_E
4K1R_B	4K1R_B
4K1R_B	1S1Q_B
4K1R_B	2AYO_B
4K1R_B	5E6J_C
4K1R_B	4XKH_C
4K1R_B	2HTH_A
4K1R_B	2D3G_A
4K1R_B	4M0W_B
4K1R_B	2G45_A
4K1R_B	1XD3_B
4K1R_B	2QHO_A
4K1R_B	6A6I_B
4K1R_B	3WWQ_A
4K1R_B	4Q5E_B
4K1R_B	5E6J_B
4K1R_B	2D3G_B
4K1R_B	1AAR_A
4K1R_B	1YD8_G
4K1R_B	3WWQ_C
4K1R_B	2WX0_G
4K1R_B	2XBB_B
4K1R_B	4XKH_A
4K1R_B	2C7N_B
4K1R_B	3VUX_A
4K1R_B	1WR6_G
4K1R_B	1WRD_B
2VG3_C	2VG3_C
2PBK_B	2PBK_B
4XVP_B	4XVP_B
5WUJ_B	5WUJ_B
5XQZ_A	5XQZ_A
3C5T_B	3C5T_B
3UZ0_B	3UZ0_B
2Q7X_A	2Q7X_A
2BLN_B	2BLN_B
1OAO_C	1OAO_C
2HRK_B	2HRK_B
3BH6_B	3BH6_B
5NIR_A	5NIR_A
1WUI_S	1WUI_S
2ED6_A	2ED6_A
5X1E_D	5X1E_D
4UU9_B	4UU9_B
4UU9_B	5NH3_L
4UU9_B	2YBR_B
4UU9_B	5YOY_F
4UU9_B	5YOY_E
4UU9_B	2AEQ_L
4UU9_B	5YOY_D
4UU9_B	6IVZ_L
4UU9_B	4M8Q_B
4UU9_B	2IJ0_C
1I2M_B	1I2M_B
6FC3_A	6FC3_A
2PJY_B	2PJY_B
1XG2_A	1XG2_A
1SEI_A	1SEI_A
3BJD_B	3BJD_B
4NIQ_A	4NIQ_A
6D7Y_B	6D7Y_B
4QLP_A	4QLP_A
5OTJ_C	5OTJ_C
5OTJ_C	3TZ1_A
6DNQ_D	6DNQ_D
4NG2_A	4NG2_A
6F45_D	6F45_D
3LEV_A	3LEV_A
3NQI_A	3NQI_A
2VLF_B	2VLF_B
1HEZ_E	1HEZ_E
2I9X_A	2I9X_A
4LU5_A	4LU5_A
6J4S_A	6J4S_A
5IMY_C	5IMY_C
5X1E_B	5X1E_B
3H8D_D	3H8D_D
3H8D_D	3H8D_C
5L21_A	5L21_A
3C9A_C	3C9A_C
6F3Z_B	6F3Z_B
6FY5_A	6FY5_A
7BQY_A	7BQY_A
7BQY_A	7BQY_C
3E0Z_A	3E0Z_A
5CYZ_C	5CYZ_C
6OV2_A	6OV2_A
3DO6_A	3DO6_A
3EQX_A	3EQX_A
2C7N_A	2C7N_A
3MMY_H	3MMY_H
2I32_A	2I32_A
3LYF_D	3LYF_D
4GN0_A	4GN0_A
3QBT_B	3QBT_B
4ZPT_S	4ZPT_S
4ZPT_S	4KR0_B
2HWN_C	2HWN_C
2D10_B	2D10_B
3M7A_A	3M7A_A
4QX8_B	4QX8_B
3LK2_B	3LK2_B
3LK2_B	3AA6_B
3U82_A	3U82_A
3HUG_C	3HUG_C
3HUG_C	3HUG_A
1JIW_I	1JIW_I
3E7H_A	3E7H_A
2UUY_B	2UUY_B
5XCT_C	5XCT_C
3UL4_B	3UL4_B
1NTV_A	1NTV_A
3HTU_B	3HTU_B
2AZE_B	2AZE_B
1Q2H_A	1Q2H_A
3KA5_A	3KA5_A
2AZE_A	2AZE_A
3UEB_E	3UEB_E
1KPT_A	1KPT_A
1WDW_D	1WDW_D
1WDW_D	1WDW_B
1WDW_D	1WDW_H
1WDW_D	6HUL_B
3B08_B	3B08_B
4AQE_B	4AQE_B
2B97_A	2B97_A
2YBR_C	2YBR_C
1FS1_A	1FS1_A
2GIB_B	2GIB_B
4EEF_C	4EEF_C
1Y7T_B	1Y7T_B
5VU3_B	5VU3_B
4EW5_A	4EW5_A
3D2Q_A	3D2Q_A
6BB4_R	6BB4_R
6IN7_A	6IN7_A
2I25_N	2I25_N
2I25_N	2Z8W_D
4UDM_B	4UDM_B
1NNS_A	1NNS_A
3S5L_A	3S5L_A
3S5L_A	2G9H_A
3S5L_A	2OJE_A
3APR_E	3APR_E
3APR_E	1DP5_A
3HTU_A	3HTU_A
1I8L_A	1I8L_A
3MHS_B	3MHS_B
1CHO_I	1CHO_I
5DMJ_F	5DMJ_F
5DMJ_F	4YN0_A
4XL5_C	4XL5_C
4XL5_C	4XL5_A
2CX7_A	2CX7_A
1VHB_B	1VHB_B
1VHB_B	1VHB_A
1XG0_D	1XG0_D
4IHH_F	4IHH_F
4IHH_F	4IHH_G
1JWH_B	1JWH_B
1JWH_B	1JWH_A
1JWH_B	3ZU7_A
4M5F_B	4M5F_B
3U82_B	3U82_B
1CDL_B	1CDL_B
4P5A_A	4P5A_A
1Q74_C	1Q74_C
1JIF_A	1JIF_A
5Z7L_D	5Z7L_D
5Z7L_D	5Z7L_C
2Y3W_A	2Y3W_A
4DVG_A	4DVG_A
4DVG_A	5UPK_C
4DVG_A	1E96_A
4DVG_A	2UZI_R
4DVG_A	1LFD_B
4DVG_A	1GUA_A
4DVG_A	4HDO_B
4DVG_A	3QBT_A
6BN0_A	6BN0_A
5HEE_B	5HEE_B
1G38_A	1G38_A
3FHC_B	3FHC_B
1CNZ_B	1CNZ_B
1CNZ_B	1CM7_B
1CNZ_B	1CNZ_A
1CNZ_B	1CM7_A
1TE1_A	1TE1_A
3HPW_C	3HPW_C
1JKE_C	1JKE_C
4G8A_D	4G8A_D
4G8A_D	4G8A_C
3K9M_D	3K9M_D
5XBC_B	5XBC_B
2WPQ_B	2WPQ_B
4LGP_A	4LGP_A
4LGP_A	5J57_A
4LGP_A	6CWG_A
4UDM_A	4UDM_A
4LMQ_F	4LMQ_F
4LMQ_F	2J7Z_A
6FGO_D	6FGO_D
6FGO_D	6FGO_B
4EQA_A	4EQA_A
2PTC_I	2PTC_I
2PTC_I	1MTN_D
2PTC_I	3TGI_I
2PTC_I	2KAI_B
2PTC_I	1CBW_D
2BYK_B	2BYK_B
6ATG_C	6ATG_C
1IT2_B	1IT2_B
1IT2_B	1IT2_A
3K75_B	3K75_B
6OVK_R	6OVK_R
2AEQ_A	2AEQ_A
2AEQ_A	2AEP_A
2AEQ_A	1NCA_N
1N7Z_A	1N7Z_A
2YVJ_A	2YVJ_A
5K59_B	5K59_B
6PXH_A	6PXH_A
4ZFG_A	4ZFG_A
2ZZD_E	2ZZD_E
3A3D_B	3A3D_B
1PVH_B	1PVH_B
5DFV_A	5DFV_A
3N4I_B	3N4I_B
4JO7_D	4JO7_D
1YPY_A	1YPY_A
2E5Y_B	2E5Y_B
1PXV_D	1PXV_D
2V27_A	2V27_A
2BO9_A	2BO9_A
2BO9_A	2BO9_C
6K0Y_C	6K0Y_C
6K0Y_C	7VUX_A
6K0Y_C	5IUS_A
6K0Y_C	3BIK_B
5LXQ_C	5LXQ_C
1IG0_B	1IG0_B
3CQX_C	3CQX_C
3CQX_C	3CQX_D
2WD5_A	2WD5_A
4H2W_D	4H2W_D
4H2W_D	4H2W_C
6VEL_C	6VEL_C
6VEL_C	6ZTR_I
7DM2_A	7DM2_A
2PW8_I	2PW8_I
1UGP_A	1UGP_A
4Z8Q_B	4Z8Q_B
4CT7_A	4CT7_A
1ZPE_A	1ZPE_A
6JWJ_A	6JWJ_A
6IAP_A	6IAP_A
3GS2_D	3GS2_D
3GS2_D	3GS2_B
4Y7S_A	4Y7S_A
5I8J_A	5I8J_A
1GPW_A	1GPW_A
4XB6_E	4XB6_E
2YGG_A	2YGG_A
7LSG_C	7LSG_C
2B2X_A	2B2X_A
2B2X_A	1V7P_C
4LVN_B	4LVN_B
3FXD_B	3FXD_B
1DWK_C	1DWK_C
2XQR_J	2XQR_J
1TAW_A	1TAW_A
1TAW_A	2UUY_A
1TAW_A	2PTC_E
1TAW_A	4AOQ_A
1TAW_A	1BRC_E
1TAW_A	3TGI_E
1TAW_A	2KAI_A
1TAW_A	2R0L_A
1TAW_A	1CGI_E
4XB4_A	4XB4_A
4C99_A	4C99_A
4C99_A	4C99_C
3D4I_A	3D4I_A
3MCA_B	3MCA_B
5KY5_B	5KY5_B
1PCF_F	1PCF_F
1XWD_B	1XWD_B
3P9W_A	3P9W_A
3P9W_A	7KF0_C
3P9W_A	7KF1_F
1E6E_A	1E6E_A
7CQC_A	7CQC_A
4Z80_A	4Z80_A
3G9W_A	3G9W_A
4M5Z_A	4M5Z_A
4M5Z_A	6Q0O_A
4IAJ_B	4IAJ_B
2XPP_A	2XPP_A
5W4A_B	5W4A_B
6RO6_A	6RO6_A
5GY2_B	5GY2_B
6C62_C	6C62_C
4KSN_C	4KSN_C
5J4A_B	5J4A_B
6M9K_D	6M9K_D
6M9K_D	6M9K_E
6M9K_D	6M9K_F
7E72_E	7E72_E
1XW9_D	1XW9_D
1XW9_D	1F6M_C
1XW9_D	1F6M_D
1XW9_D	5XOC_B
5NOH_A	5NOH_A
5O9E_A	5O9E_A
3L5X_A	3L5X_A
3C1Q_B	3C1Q_B
1WQ6_A	1WQ6_A
3LUR_B	3LUR_B
3GTY_S	3GTY_S
3KBY_A	3KBY_A
4V0O_F	4V0O_F
3ZRG_B	3ZRG_B
2JKI_A	2JKI_A
3ZOQ_C	3ZOQ_C
2QJZ_A	2QJZ_A
5JCA_S	5JCA_S
2P3P_B	2P3P_B
6DDR_C	6DDR_C
1ANX_B	1ANX_B
3ONL_C	3ONL_C
3FXD_A	3FXD_A
5GJK_A	5GJK_A
6J9L_A	6J9L_A
6J9L_A	6J9L_B
5IKC_M	5IKC_M
5XOC_A	5XOC_A
1IB1_A	1IB1_A
1IB1_A	1IB1_B
1LJ2_C	1LJ2_C
1LJ2_C	1LJ2_D
1V7Z_F	1V7Z_F
4UBP_C	4UBP_C
4HDO_A	4HDO_A
2AW2_A	2AW2_A
1DOW_A	1DOW_A
5ELU_A	5ELU_A
5ELU_A	5ML9_B
1RM6_B	1RM6_B
3M6Z_A	3M6Z_A
1YYH_B	1YYH_B
1YYH_B	1OT8_A
3O6Q_C	3O6Q_C
3O6Q_C	3O6Q_A
1TDQ_B	1TDQ_B
1TDQ_B	1V7P_A
1TDQ_B	1V7P_B
1TDQ_B	1UEX_B
1TDQ_B	1UEX_A
2JJT_A	2JJT_A
2JJT_A	6BIT_G
2B7C_B	2B7C_B
3E4W_B	3E4W_B
4ZW2_B	4ZW2_B
1IDR_B	1IDR_B
7MHY_A	7MHY_A
3P8M_B	3P8M_B
3P8M_B	3P8M_A
4M38_A	4M38_A
4M38_A	4M38_B
2GH0_B	2GH0_B
2GH0_B	2GH0_D
2GH0_B	2GH0_A
2OZL_A	2OZL_A
5MJY_C	5MJY_C
3FPU_A	3FPU_A
4NG2_C	4NG2_C
4NG2_C	4NG2_K
2HBA_A	2HBA_A
6FHP_A	6FHP_A
3OWT_C	3OWT_C
4G6D_B	4G6D_B
3O4O_B	3O4O_B
4ZRJ_B	4ZRJ_B
1WFA_B	1WFA_B
1WFA_B	1WFA_A
5J3T_A	5J3T_A
1OQE_N	1OQE_N
6FC3_B	6FC3_B
2IJ0_A	2IJ0_A
2IJ0_A	2IJ0_B
6IVZ_A	6IVZ_A
4F3F_C	4F3F_C
3WVZ_B	3WVZ_B
1I5K_D	1I5K_D
3MOL_B	3MOL_B
2A6S_B	2A6S_B
4AYI_D	4AYI_D
4AYI_D	2W80_H
4AYI_D	5T5F_A
4AYI_D	4AYE_F
4AYI_D	7KET_C
6ODD_B	6ODD_B
6ODD_B	6NZU_F
6ODD_B	6NZU_B
3ZEU_B	3ZEU_B
2CJS_B	2CJS_B
2CJS_B	2CJS_A
2C9I_D	2C9I_D
4Q0Y_A	4Q0Y_A
2P54_A	2P54_A
6ORN_G	6ORN_G
5GGL_A	5GGL_A
5TXR_B	5TXR_B
3SSB_I	3SSB_I
1XVG_E	1XVG_E
3MIL_A	3MIL_A
7LR4_C	7LR4_C
5WUJ_A	5WUJ_A
3LK2_A	3LK2_A
2C0L_B	2C0L_B
2ZWD_A	2ZWD_A
4XWJ_B	4XWJ_B
4XWJ_B	2JEL_P
2XDG_A	2XDG_A
3DZA_A	3DZA_A
2WP0_C	2WP0_C
2WP0_C	2WP0_D
3EGG_A	3EGG_A
3EGG_A	4MP0_A
5T2P_B	5T2P_B
5N48_B	5N48_B
2PHN_A	2PHN_A
2HRK_A	2HRK_A
4ZQU_A	4ZQU_A
6A7V_C	6A7V_C
6A7V_C	6A7V_G
6A7V_C	6A7V_E
6A7V_C	6A7V_A
1CG5_A	1CG5_A
3A0Y_B	3A0Y_B
2X9A_A	2X9A_A
5F5S_B	5F5S_B
2AXG_C	2AXG_C
2AXG_C	2AXF_C
4FAO_D	4FAO_D
4FAO_D	4FAO_C
2G45_B	2G45_B
6CO2_B	6CO2_B
6CO2_B	6CO2_A
3LHP_S	3LHP_S
5JJD_B	5JJD_B
3VZA_C	3VZA_C
5K6D_B	5K6D_B
5EJC_A	5EJC_A
4HFK_D	4HFK_D
4HFK_D	4HFK_B
4HFK_D	4B6I_D
3DNH_B	3DNH_B
1S9R_A	1S9R_A
6E62_P	6E62_P
1FN9_A	1FN9_A
4KE2_A	4KE2_A
7VNB_B	7VNB_B
7VNB_B	7PS4_A
7VNB_B	7PS2_G
7VNB_B	6XC2_Z
7VNB_B	7X7O_B
7VNB_B	7KFW_B
7VNB_B	7PS0_E
7VNB_B	7NP1_B
7VNB_B	7MZJ_A
7VNB_B	7Q0G_E
7VNB_B	7N4J_A
7VNB_B	2DD8_S
7VNB_B	7MZK_A
7VNB_B	7PS6_E
7VNB_B	6ZDG_A
7VNB_B	7C01_A
7VNB_B	7MZM_A
7VNB_B	8GZ5_A
7VNB_B	6ZER_E
7VNB_B	6YLA_E
7VNB_B	7BNV_A
7VNB_B	7VYR_R
7VNB_B	7SWN_A
7VNB_B	6ZFO_A
7VNB_B	7ZF9_E
3ZWH_Q	3ZWH_Q
4WV1_C	4WV1_C
3F0O_B	3F0O_B
3F0O_B	3F0P_A
1OB1_C	1OB1_C
2B3Y_A	2B3Y_A
5GJK_B	5GJK_B
2JKI_T	2JKI_T
7CHZ_I	7CHZ_I
7CHZ_I	7Z4T_I
7CHZ_I	3O4O_A
6W4S_F	6W4S_F
2V1D_B	2V1D_B
4ZW2_A	4ZW2_A
5FZT_B	5FZT_B
2H9G_S	2H9G_S
3EGG_B	3EGG_B
3KD4_A	3KD4_A
5F1B_B	5F1B_B
1KYN_A	1KYN_A
3AJF_A	3AJF_A
4LRZ_B	4LRZ_B
4LRZ_B	4LRZ_A
5TFW_O	5TFW_O
5TFW_O	4M8Q_C
5TFW_O	4M62_S
2OMY_A	2OMY_A
3O6Q_B	3O6Q_B
3O6Q_B	3O6Q_D
3IT4_B	3IT4_B
3SSB_A	3SSB_A
7NFR_A	7NFR_A
7NFR_A	7NFQ_A
5Z51_A	5Z51_A
1JO0_A	1JO0_A
2CJS_C	2CJS_C
5Z7L_A	5Z7L_A
5Z7L_A	5Z7L_B
6GHO_B	6GHO_B
5JEM_D	5JEM_D
5JEM_D	5JEM_B
5JEM_D	7JFL_C
1YMP_B	1YMP_B
2QXV_B	2QXV_B
1I51_E	1I51_E
1I51_E	1I51_F
5W5C_A	5W5C_A
2ONF_B	2ONF_B
7SJO_C	7SJO_C
7SJO_C	7SJN_B
5WVO_C	5WVO_C
1JTD_A	1JTD_A
3ONW_A	3ONW_A
1IME_A	1IME_A
1IME_A	2BJI_B
4OYD_B	4OYD_B
3KXF_Q	3KXF_Q
1XQS_C	1XQS_C
3G3S_B	3G3S_B
4Z3X_A	4Z3X_A
1RLB_A	1RLB_A
1RLB_A	1RLB_D
1RLB_A	1RLB_B
1RLB_A	1RLB_C
3K6G_B	3K6G_B
1P27_A	1P27_A
1P27_A	1P27_C
1P27_A	1RK8_B
3FPN_A	3FPN_A
3CZZ_B	3CZZ_B
7NX3_A	7NX3_A
7NX3_A	7NX0_C
6ZSL_B	6ZSL_B
6OV2_B	6OV2_B
4ETW_A	4ETW_A
1I51_B	1I51_B
1I51_B	1I51_D
3DXC_B	3DXC_B
1DE4_C	1DE4_C
3NUF_A	3NUF_A
4WNN_A	4WNN_A
3ONL_B	3ONL_B
3ONL_B	3ONL_A
3ONL_B	2V8S_E
5JZE_B	5JZE_B
5JZE_B	5TL7_A
3VUX_B	3VUX_B
1WQJ_B	1WQJ_B
5BO1_I	5BO1_I
1HSA_C	1HSA_C
3VYS_C	3VYS_C
1E6E_B	1E6E_B
3IC3_B	3IC3_B
2JHF_B	2JHF_B
4MYY_B	4MYY_B
3OBL_B	3OBL_B
1K5D_B	1K5D_B
3IJW_A	3IJW_A
1I5K_A	1I5K_A
3A1G_D	3A1G_D
3G98_B	3G98_B
3LKT_Q	3LKT_Q
7T25_E	7T25_E
2QWO_B	2QWO_B
1JRH_I	1JRH_I
3L32_A	3L32_A
2I3T_B	2I3T_B
5M45_B	5M45_B
1ITH_B	1ITH_B
1ITH_B	1ITH_A
5BK1_A	5BK1_A
2C0L_A	2C0L_A
3VZA_A	3VZA_A
2XMX_A	2XMX_A
4GVQ_C	4GVQ_C
1ZD7_B	1ZD7_B
5OMN_B	5OMN_B
5OMN_B	6H71_B
5OMN_B	5KW9_A
5OMN_B	6H71_A
5OMN_B	7L5J_A
3O5T_B	3O5T_B
3D1G_A	3D1G_A
2DLB_A	2DLB_A
6NZU_I	6NZU_I
6NZU_I	6NZU_J
3SHG_B	3SHG_B
1I8L_C	1I8L_C
1I8L_C	7SU1_C
1I8L_C	7SU0_D
1MQ8_B	1MQ8_B
1MQ8_B	3HI6_A
1VKM_C	1VKM_C
5N6Y_C	5N6Y_C
5V03_B	5V03_B
2I32_E	2I32_E
5W9A_D	5W9A_D
5W9A_D	5W9A_A
5UK5_A	5UK5_A
6B0G_E	6B0G_E
3VYR_A	3VYR_A
1MTN_A	1MTN_A
2P4A_A	2P4A_A
2P4A_A	1DFJ_E
5EZU_A	5EZU_A
1YOZ_B	1YOZ_B
4HFK_A	4HFK_A
4HFK_A	4HFK_C
3QT2_C	3QT2_C
3QT2_C	3QT2_B
4JPK_A	4JPK_A
2WN3_B	2WN3_B
5UC0_A	5UC0_A
2II1_D	2II1_D
7CJ2_A	7CJ2_A
3RT0_A	3RT0_A
4QN8_B	4QN8_B
2XBB_A	2XBB_A
2F4M_A	2F4M_A
6D13_B	6D13_B
4JNU_B	4JNU_B
1T63_A	1T63_A
2OXL_B	2OXL_B
1PXV_A	1PXV_A
2G9H_B	2G9H_B
2G9H_B	2OJE_B
2G9H_B	3S5L_B
5IJ2_B	5IJ2_B
5JJD_A	5JJD_A
5UN7_A	5UN7_A
3VEJ_B	3VEJ_B
1RY7_A	1RY7_A
4ZQU_B	4ZQU_B
3VV2_B	3VV2_B
1AK4_A	1AK4_A
1AK4_A	1XO7_B
1C0E_B	1C0E_B
1C0E_B	1C0E_A
5UN7_B	5UN7_B
2HEV_F	2HEV_F
3P8M_C	3P8M_C
1Q8F_A	1Q8F_A
4YEB_B	4YEB_B
1LX5_A	1LX5_A
1LX5_A	4FAO_A
1LX5_A	4FAO_B
5CE9_A	5CE9_A
4MRT_A	4MRT_A
2QHQ_B	2QHQ_B
6PZ8_J	6PZ8_J
3OT9_B	3OT9_B
1MV8_C	1MV8_C
5Y1Z_C	5Y1Z_C
1GCQ_B	1GCQ_B
1VET_B	1VET_B
4ILW_F	4ILW_F
4ILW_F	2J0T_A
1AVA_D	1AVA_D
5MUY_B	5MUY_B
3KNB_B	3KNB_B
3KNB_B	2V9T_A
1EGW_B	1EGW_B
5TIH_A	5TIH_A
1R0K_A	1R0K_A
3HG0_A	3HG0_A
3HG0_A	4HEP_A
3HG0_A	3HG0_C
3HG0_A	3HG0_B
4JW3_A	4JW3_A
6NZU_E	6NZU_E
2EJN_B	2EJN_B
2BCX_B	2BCX_B
5OYL_A	5OYL_A
1TDQ_A	1TDQ_A
5TZT_C	5TZT_C
5TZT_C	2JJT_B
2BYK_A	2BYK_A
2XF7_A	2XF7_A
4EOZ_A	4EOZ_A
6FUB_A	6FUB_A
6FUB_A	6FUB_B
6GFX_C	6GFX_C
2AZE_C	2AZE_C
1LLF_B	1LLF_B
2AD6_A	2AD6_A
3ETO_A	3ETO_A
1F3U_G	1F3U_G
3RT4_A	3RT4_A
4FQ0_D	4FQ0_D
7OM4_C	7OM4_C
7OM4_C	4LEO_A
6FC0_A	6FC0_A
2J0T_E	2J0T_E
5B1Q_B	5B1Q_B
2PMB_C	2PMB_C
2HQ4_A	2HQ4_A
2WQI_C	2WQI_C
5ET1_A	5ET1_A
1X6I_A	1X6I_A
6JHT_C	6JHT_C
5CFL_A	5CFL_A
2FHZ_A	2FHZ_A
6FTO_C	6FTO_C
2VRS_B	2VRS_B
3K6G_A	3K6G_A
2GLZ_B	2GLZ_B
5ELU_B	5ELU_B
5ELU_B	5TVQ_B
5ELU_B	2IY0_B
5ELU_B	3RZW_B
5ELU_B	3QHT_A
4DKF_A	4DKF_A
4DKF_A	4EXP_A
3HLZ_B	3HLZ_B
5YIR_B	5YIR_B
4K1R_A	4K1R_A
6D13_A	6D13_A
5A5Y_A	5A5Y_A
1T61_E	1T61_E
3LVU_D	3LVU_D
6O2V_A	6O2V_A
1B8D_K	1B8D_K
4O66_D	4O66_D
6P50_C	6P50_C
5Y11_C	5Y11_C
5YOY_A	5YOY_A
5YOY_A	3IT8_A
5YOY_A	3IT8_B
5YOY_A	5M2M_A
5YOY_A	5YOY_B
5YOY_A	3IT8_C
5YOY_A	5M2M_B
5YOY_A	5YOY_C
5YOY_A	5M2M_C
7BBJ_B	7BBJ_B
1LJ2_A	1LJ2_A
1LJ2_A	1LJ2_B
2B9D_A	2B9D_A
4G6V_B	4G6V_B
6DKJ_C	6DKJ_C
6DKJ_C	3C5T_A
5EL3_B	5EL3_B
2OJE_D	2OJE_D
3TXS_C	3TXS_C
4J2L_D	4J2L_D
1IQD_C	1IQD_C
1JWH_C	1JWH_C
1JWH_C	1JWH_D
3IG9_C	3IG9_C
1UZ3_A	1UZ3_A
4REY_A	4REY_A
3HG0_D	3HG0_D
3HG0_D	3ZU7_B
3HG0_D	4K5A_B
3HG0_D	2J8S_D
3HG0_D	2J8S_E
3HG0_D	2V5Q_D
2GC4_B	2GC4_B
4GEQ_A	4GEQ_A
4GEQ_A	2FTX_A
5UZU_A	5UZU_A
5KWY_D	5KWY_D
5KWY_D	5KWY_B
2P12_A	2P12_A
2RJI_A	2RJI_A
6A7V_D	6A7V_D
6A7V_D	6A7V_U
6A7V_D	6A7V_H
4AEI_A	4AEI_A
5KKO_D	5KKO_D
3OL3_B	3OL3_B
4YTW_C	4YTW_C
1QL0_B	1QL0_B
1YOC_B	1YOC_B
1U0S_Y	1U0S_Y
2O3B_B	2O3B_B
4AQR_D	4AQR_D
2HNU_A	2HNU_A
6H86_A	6H86_A
6FHP_B	6FHP_B
4EQA_B	4EQA_B
3WWQ_B	3WWQ_B
3NIS_B	3NIS_B
4REY_B	4REY_B
2Q0O_B	2Q0O_B
2Q0O_B	2Q0O_A
4Z80_C	4Z80_C
2I3T_A	2I3T_A
1F6S_F	1F6S_F
2HTH_B	2HTH_B
4GN4_A	4GN4_A
3WN7_A	3WN7_A
6DLM_A	6DLM_A
2NUG_B	2NUG_B
2D1L_A	2D1L_A
1RY7_B	1RY7_B
5GY2_A	5GY2_A
3LAS_B	3LAS_B
1G1U_B	1G1U_B
1G1U_B	1G1U_C
1G1U_B	1G1U_D
1G1U_B	1G1U_A
4IHH_C	4IHH_C
4IHH_C	4IHH_B
4IHH_C	4IHH_A
6HUL_A	6HUL_A
4Y61_B	4Y61_B
2Y5B_B	2Y5B_B
2Y5B_B	3B08_A
1UWK_B	1UWK_B
3USH_B	3USH_B
1HC9_B	1HC9_B
1AK4_B	1AK4_B
2SNI_E	2SNI_E
2SNI_E	3VV2_A
2SNI_E	2TEC_E
5XQZ_D	5XQZ_D
1KGY_G	1KGY_G
1KGY_G	1KGY_E
3MXW_A	3MXW_A
3T7H_B	3T7H_B
6DGK_B	6DGK_B
3K9M_A	3K9M_A
1F3V_B	1F3V_B
6NZU_C	6NZU_C
6NZU_C	4ETW_B
6NZU_C	5KOF_D
6NZU_C	4IHH_H
6NZU_C	6NZU_G
4GIP_A	4GIP_A
6BK4_A	6BK4_A
1CBW_A	1CBW_A
1CBW_A	1CA0_A
1CBW_A	1CBW_G
3VYS_A	3VYS_A
6ON9_A	6ON9_A
2HWN_A	2HWN_A
2HWN_A	2HWN_B
4OE9_B	4OE9_B
1ICF_B	1ICF_B
1EF1_A	1EF1_A
4Q96_B	4Q96_B
4Q96_B	4Q96_A
1IG3_A	1IG3_A
3BZL_D	3BZL_D
7N0J_E	7N0J_E
1RRM_A	1RRM_A
4UE8_B	4UE8_B
1J7D_B	1J7D_B
1J7D_B	2BF8_A
1J7D_B	4Q5E_C
3T0Y_D	3T0Y_D
3T0Y_D	3T0Y_B
1K8K_E	1K8K_E
3KXF_P	3KXF_P
1GO4_G	1GO4_G
1GO4_G	1GO4_E
1GO4_G	1GO4_H
1GO4_G	1GO4_F
4PW9_B	4PW9_B
4PJ2_B	4PJ2_B
2OEZ_B	2OEZ_B
2PJY_C	2PJY_C
5J4A_A	5J4A_A
4C1N_F	4C1N_F
4C1N_F	2YCL_B
7VNG_D	7VNG_D
4Q7O_B	4Q7O_B
2Z7F_I	2Z7F_I
1WDW_A	1WDW_A
1WDW_A	1WDW_C
1S1Q_A	1S1Q_A
2HGX_B	2HGX_B
4LRX_D	4LRX_D
4LRX_D	4LRX_C
4LRX_D	4LRZ_F
5TL7_B	5TL7_B
5TL7_B	4M0W_A
5TL7_B	5E6J_A
2IGI_A	2IGI_A
2IYB_A	2IYB_A
2RJW_A	2RJW_A
2AYO_A	2AYO_A
1H8E_G	1H8E_G
1W1W_B	1W1W_B
2P6H_B	2P6H_B
3ZEU_A	3ZEU_A
2XF2_A	2XF2_A
5TGH_B	5TGH_B
3ONA_A	3ONA_A
3ONA_A	3ON9_A
2O3B_A	2O3B_A
3FN2_B	3FN2_B
2V3B_B	2V3B_B
4UU9_C	4UU9_C
3EOY_C	3EOY_C
3EOY_C	3EOY_A
3EOY_C	3EOY_B
4HWB_A	4HWB_A
2PTT_B	2PTT_B
2R56_B	2R56_B
5J72_A	5J72_A
2V5Q_A	2V5Q_A
3L51_B	3L51_B
4LJO_A	4LJO_A
5B5I_B	5B5I_B
4W4L_C	4W4L_C
1YCS_A	1YCS_A
4PW9_A	4PW9_A
2NQD_A	2NQD_A
5E5Y_C	5E5Y_C
2R2D_A	2R2D_A
2HY5_A	2HY5_A
5F1B_A	5F1B_A
3D7A_B	3D7A_B
6QFA_C	6QFA_C
1IU1_B	1IU1_B
4LTY_A	4LTY_A
6OKD_C	6OKD_C
1YCS_B	1YCS_B
2NQD_B	2NQD_B
2NQD_B	5VPL_A
4BKX_A	4BKX_A
5YGH_A	5YGH_A
1BTK_A	1BTK_A
2VKP_B	2VKP_B
4OYD_A	4OYD_A
6ON9_B	6ON9_B
3ZWL_F	3ZWL_F
3ZWL_F	3ZWL_B
6JHW_B	6JHW_B
3VTH_A	3VTH_A
2NYZ_B	2NYZ_B
2NYZ_B	2NYZ_A
2PSM_B	2PSM_B
4E1P_A	4E1P_A
4K9E_C	4K9E_C
4DLH_B	4DLH_B
1F3V_A	1F3V_A
3C8W_C	3C8W_C
1DPT_A	1DPT_A
3NH7_D	3NH7_D
1GPW_B	1GPW_B
4J4P_H	4J4P_H
5E3E_B	5E3E_B
7T5F_D	7T5F_D
7T5F_D	7NA9_A
7T5F_D	7LZP_D
7T5F_D	7M1H_A
7T5F_D	7L6V_A
1NH2_B	1NH2_B
2PRV_A	2PRV_A
1Z7K_B	1Z7K_B
6OEJ_A	6OEJ_A
6OEJ_A	3SE9_G
6OEJ_A	6OFI_G
3HAE_C	3HAE_C
4CC4_A	4CC4_A
5Y1Z_A	5Y1Z_A
4MQV_B	4MQV_B
4YXP_A	4YXP_A
3C9A_A	3C9A_A
2XWT_C	2XWT_C
2XWT_C	1XWD_C
1LZW_B	1LZW_B
1MXE_E	1MXE_E
6H3T_B	6H3T_B
6B0S_C	6B0S_C
4YWK_A	4YWK_A
3OWT_A	3OWT_A
3OWT_A	3OWT_B
7UED_H	7UED_H
1EMV_B	1EMV_B
3A1G_A	3A1G_A
3BQP_B	3BQP_B
6M9K_C	6M9K_C
6M9K_C	6M9K_A
6M9K_C	6M9K_B
6IDX_A	6IDX_A
1J7D_A	1J7D_A
1TBA_B	1TBA_B
4BWQ_A	4BWQ_A
3BIK_A	3BIK_A
3BIK_A	5IUS_D
2BP7_D	2BP7_D
2BP7_D	2BP7_B
1B6C_A	1B6C_A
3VYS_B	3VYS_B
3VYS_B	3VYR_B
1D8U_B	1D8U_B
1D8U_B	1D8U_A
2AIB_A	2AIB_A
3IPJ_A	3IPJ_A
1DD3_C	1DD3_C
6FG8_B	6FG8_B
1WPU_A	1WPU_A
4DBG_A	4DBG_A
2V1D_C	2V1D_C
5WQL_A	5WQL_A
1FFW_B	1FFW_B
4DCN_C	4DCN_C
4DCN_C	1I49_A
4DCN_C	1I49_B
4GEH_A	4GEH_A
6YHU_B	6YHU_B
1BVN_T	1BVN_T
2ZXX_A	2ZXX_A
2ZXX_A	2ZXX_B
6H9N_A	6H9N_A
4O87_A	4O87_A
5KY5_A	5KY5_A
6PXZ_B	6PXZ_B
1TGR_A	1TGR_A
1TGR_A	3KR3_D
2IYB_G	2IYB_G
4YIQ_B	4YIQ_B
4YIQ_B	4YIQ_A
2O74_F	2O74_F
1N2M_A	1N2M_A
2QUD_A	2QUD_A
1EER_A	1EER_A
2XZE_A	2XZE_A
3KNB_A	3KNB_A
6JHW_A	6JHW_A
4AYI_A	4AYI_A
4AYI_A	4AYE_A
4AYI_A	2W80_A
1EZG_B	1EZG_B
1EZG_B	1EZG_A
1XFB_B	1XFB_B
1XFB_B	1FBA_D
1XFB_B	5O0W_A
1XFB_B	5O0W_B
1XFB_B	5O0W_D
1XFB_B	5O0W_C
3B2U_E	3B2U_E
1BKP_A	1BKP_A
3G5K_D	3G5K_D
2WP0_B	2WP0_B
2WP0_B	2WP0_A
4W4L_B	4W4L_B
3MFD_A	3MFD_A
5JDO_B	5JDO_B
5JDO_B	5JDO_A
6QD7_A	6QD7_A
4LRX_B	4LRX_B
4LRX_B	4LRX_A
4D2G_D	4D2G_D
2BP7_C	2BP7_C
2Q2G_A	2Q2G_A
3DA8_A	3DA8_A
1OJH_G	1OJH_G
5CZF_A	5CZF_A
4MP0_B	4MP0_B
4XB6_F	4XB6_F
4H9N_C	4H9N_C
1DE4_A	1DE4_A
1DE4_A	1DE4_D
1DE4_A	3KXF_A
1DE4_A	1HSA_A
1DE4_A	2AXG_A
1DE4_A	3HAE_A
1DE4_A	1AKJ_A
1DE4_A	2BVO_A
1DE4_A	3H7B_A
1DE4_A	2AXF_A
1DE4_A	1K5N_C
1XTA_A	1XTA_A
3LK2_T	3LK2_T
4GH7_A	4GH7_A
4GH7_A	5N48_A
6C48_A	6C48_A
5W53_B	5W53_B
4CJN_A	4CJN_A
4ILW_A	4ILW_A
2XOL_B	2XOL_B
1F6M_B	1F6M_B
1VET_A	1VET_A
1SSQ_D	1SSQ_D
3E2U_E	3E2U_E
5JEM_C	5JEM_C
5JEM_C	5JEM_A
1FE8_A	1FE8_A
4FZV_B	4FZV_B
3BWU_D	3BWU_D
2OY9_B	2OY9_B
1B6C_B	1B6C_B
2ZXX_C	2ZXX_C
6U54_B	6U54_B
3C2Q_B	3C2Q_B
3TI2_A	3TI2_A
1U0S_A	1U0S_A
2WUS_R	2WUS_R
7DAA_A	7DAA_A
4D2G_B	4D2G_B
4D2G_B	4D2G_C
4D2G_B	4D2G_A
2VYR_A	2VYR_A
2VYR_A	2VYR_B
2VYR_A	2VYR_C
2VYR_A	2VYR_D
2VYR_A	6IM9_B
2VYR_A	3LBL_A
3O4O_C	3O4O_C
3WA0_B	3WA0_B
1KAC_B	1KAC_B
2IY0_A	2IY0_A
5BY8_B	5BY8_B
6J4S_B	6J4S_B
2F4M_B	2F4M_B
3UZ0_A	3UZ0_A
5BXQ_A	5BXQ_A
5BXQ_A	5BXQ_B
2PU9_A	2PU9_A
3BL9_A	3BL9_A
7DUO_B	7DUO_B
4H5S_B	4H5S_B
6B6U_B	6B6U_B
5N88_H	5N88_H
4Q5E_A	4Q5E_A
4NL9_B	4NL9_B
4NL9_B	4NL9_A
4K5A_A	4K5A_A
6D7Y_A	6D7Y_A
4WNN_B	4WNN_B
5VAP_A	5VAP_A
5N0S_A	5N0S_A
4ZDS_B	4ZDS_B
1UUZ_A	1UUZ_A
1XQS_A	1XQS_A
3MM6_B	3MM6_B
7BWF_D	7BWF_D
4W4L_A	4W4L_A
4GEQ_C	4GEQ_C
6JB8_B	6JB8_B
6JB8_B	1LYS_B
6JB8_B	4GN4_B
6JB8_B	5J7C_A
6JB8_B	6P4B_D
6JB8_B	1UUZ_B
6JB8_B	4CJ2_A
6JB8_B	2I25_L
6JB8_B	3G3A_B
6JB8_B	1VFB_C
6JB8_B	4I0C_A
6JB8_B	1OP9_B
2F3Y_A	2F3Y_A
2F3Y_A	1MXE_A
2F3Y_A	1CM1_A
2F3Y_A	1CDL_A
2F3Y_A	2BCX_A
2F3Y_A	2F3Z_A
2F3Y_A	4LZX_A
2F3Y_A	2YGG_B
2F3Y_A	1IQ5_A
2X9A_B	2X9A_B
7ANQ_A	7ANQ_A
2V8S_V	2V8S_V
1V4P_C	1V4P_C
2V4B_B	2V4B_B
2GH0_C	2GH0_C
6L4P_B	6L4P_B
6PCE_B	6PCE_B
4G8A_A	4G8A_A
3GS2_C	3GS2_C
3GS2_C	3GS2_A
6FTO_B	6FTO_B
6FTO_B	6FTO_A
1QA9_B	1QA9_B
5LXQ_A	5LXQ_A
6C0H_A	6C0H_A
1IB1_D	1IB1_D
1IB1_D	1IB1_E
4XWJ_A	4XWJ_A
3H2D_B	3H2D_B
1HW1_A	1HW1_A
3H7B_C	3H7B_C
1U55_A	1U55_A
6CRK_H	6CRK_H
4BT9_C	4BT9_C
3LET_B	3LET_B
3O0G_D	3O0G_D
3KXF_N	3KXF_N
6P5H_A	6P5H_A
6YE3_F	6YE3_F
5CTR_A	5CTR_A
2Z0J_E	2Z0J_E
3SSB_C	3SSB_C
1AY7_A	1AY7_A
2NYZ_E	2NYZ_E
2NYZ_E	2NYZ_D
2NYZ_E	3ONA_B
6H9N_B	6H9N_B
3WUR_B	3WUR_B
1W2W_A	1W2W_A
2PY5_A	2PY5_A
6JWJ_C	6JWJ_C
6NZU_D	6NZU_D
6NZU_D	6NZU_H
6NZU_D	2QQ4_B
5DOB_B	5DOB_B
2VXQ_A	2VXQ_A
4AQE_A	4AQE_A
1FSK_A	1FSK_A
2Y5B_A	2Y5B_A
3EOY_K	3EOY_K
3EOY_K	3EOY_G
1ICF_A	1ICF_A
2WO3_B	2WO3_B
2PJY_A	2PJY_A
2PJY_A	4KXZ_D
3V3L_A	3V3L_A
6CKA_B	6CKA_B
4H5S_A	4H5S_A
4U2X_A	4U2X_A
4U2X_A	4M0Q_A
1G6G_A	1G6G_A
3K2M_A	3K2M_A
3K2M_A	3UYO_A
3K2M_A	1D4T_A
4ZGY_B	4ZGY_B
1PDU_A	1PDU_A
5E3E_A	5E3E_A
1U7K_D	1U7K_D
3FYB_A	3FYB_A
1SV0_B	1SV0_B
1SV0_B	1SV4_A
1SV0_B	1SV0_A
1SV0_B	1SV4_B
1SV0_B	1SV0_D
1SV0_B	1SV0_C
1EMV_A	1EMV_A
1EMV_A	4F37_A
3LQ9_A	3LQ9_A
6JCS_A	6JCS_A
2OIN_C	2OIN_C
4V1G_C	4V1G_C
3PF6_A	3PF6_A
4F87_A	4F87_A
4BKX_B	4BKX_B
1JYO_B	1JYO_B
1FD3_A	1FD3_A
1DTD_B	1DTD_B
4QMD_A	4QMD_A
1JTD_B	1JTD_B
3ZDM_A	3ZDM_A
4ZRJ_A	4ZRJ_A
4ZRJ_A	3WA0_A
4ZRJ_A	4ZRK_E
4ZRJ_A	2D10_A
2QHO_B	2QHO_B
5UPK_B	5UPK_B
5NL1_C	5NL1_C
5NL1_C	5NL1_D
3IT8_F	3IT8_F
3IT8_F	3IT8_E
3IT8_F	3IT8_D
4GH7_B	4GH7_B
4LVN_C	4LVN_C
4LVN_C	1FSK_C
4LVN_C	6BB4_Q
4LVN_C	5TIH_H
4LVN_C	5OTJ_B
4LVN_C	3HAE_E
4LVN_C	2XWT_A
4LVN_C	2JIX_H
4LVN_C	2BDN_H
4LVN_C	1NCA_H
4U5H_G	4U5H_G
6Y2X_B	6Y2X_B
2PYQ_B	2PYQ_B
4LYL_A	4LYL_A
4LYL_A	1UGH_I
1KEW_A	1KEW_A
6B12_B	6B12_B
4C9B_B	4C9B_B
2QEJ_C	2QEJ_C
2QEJ_C	2QEJ_D
4XB6_H	4XB6_H
1FXO_G	1FXO_G
3QT2_A	3QT2_A
6ONO_C	6ONO_C
5ET1_B	5ET1_B
6Z3P_C	6Z3P_C
6Z3P_C	6Z3Q_C
6Z3P_C	5ZUF_C
2OIN_A	2OIN_A
1RVJ_H	1RVJ_H
2H1T_B	2H1T_B
2V9M_A	2V9M_A
1CG5_B	1CG5_B
1CG5_B	1JEB_D
1CG5_B	1CH4_C
1CG5_B	1CH4_B
1CG5_B	1CH4_D
1CG5_B	1JEB_B
1CG5_B	5JDO_F
1CG5_B	5JDO_D
1CG5_B	1CH4_A
4EBG_A	4EBG_A
1OUW_C	1OUW_C
3QQ8_B	3QQ8_B
6CO2_C	6CO2_C
1P27_B	1P27_B
1P27_B	1P27_D
4OMF_B	4OMF_B
3LH2_I	3LH2_I
2CXI_B	2CXI_B
6BX5_A	6BX5_A
4ZI3_D	4ZI3_D
2FIP_A	2FIP_A
6OTC_A	6OTC_A
6OTC_A	3FKE_A
1E3U_A	1E3U_A
1E3U_A	1E3U_B
2VH3_A	2VH3_A
6XZF_A	6XZF_A
6XZF_A	3OGO_B
6XZF_A	7E53_A
6XZF_A	4XVP_A
4EIZ_A	4EIZ_A
4C1N_B	4C1N_B
4ETP_B	4ETP_B
2W56_A	2W56_A
3OMD_B	3OMD_B
1FC2_C	1FC2_C
1FC2_C	1LP1_B
1FC2_C	1DEE_H
1FC2_C	5DJU_A
1FC2_C	1LP1_A
3CY4_A	3CY4_A
3ZRZ_A	3ZRZ_A
6QFC_A	6QFC_A
6QFC_A	5MES_A
6QFC_A	6QB6_A
5UK5_B	5UK5_B
1NSN_S	1NSN_S
5CZF_B	5CZF_B
5W82_C	5W82_C
1TBA_A	1TBA_A
5TVQ_A	5TVQ_A
4GOQ_B	4GOQ_B
2BO9_B	2BO9_B
2X5H_C	2X5H_C
1T9I_B	1T9I_B
3NVN_A	3NVN_A
1KOP_A	1KOP_A
3SYN_B	3SYN_B
5SXP_F	5SXP_F
1WVE_D	1WVE_D
3KEF_B	3KEF_B
1ZHH_B	1ZHH_B
6MLK_A	6MLK_A
3O5T_A	3O5T_A
4ADN_B	4ADN_B
3MSU_B	3MSU_B
4JW3_C	4JW3_C
1DCI_C	1DCI_C
2PCB_A	2PCB_A
1O0S_A	1O0S_A
6XB3_H	6XB3_H
5EB1_A	5EB1_A
1U8V_C	1U8V_C
1M5Q_I	1M5Q_I
3IT4_C	3IT4_C
5TGH_A	5TGH_A
4WRP_A	4WRP_A
5E7F_H	5E7F_H
5E7F_H	5E7F_I
2WD5_B	2WD5_B
3QML_C	3QML_C
3QML_C	3QML_D
6AVJ_B	6AVJ_B
2HU9_A	2HU9_A
3NR1_A	3NR1_A
4X33_A	4X33_A
3SKJ_E	3SKJ_E
3SKJ_E	2WO3_A
3SKJ_E	1KGY_A
3SKJ_E	1KGY_B
5BXQ_E	5BXQ_E
5BXQ_E	3GJ8_A
5BXQ_E	1K5D_A
5BXQ_E	5BXQ_C
5BXQ_E	1I2M_A
5BXQ_E	5BXQ_D
2GEC_A	2GEC_A
4DVG_B	4DVG_B
5WS1_A	5WS1_A
2BVO_C	2BVO_C
1DP5_B	1DP5_B
1TA3_B	1TA3_B
3INO_A	3INO_A
6MHR_C	6MHR_C
6FG8_A	6FG8_A
3HDJ_B	3HDJ_B
2FP1_A	2FP1_A
2OYA_B	2OYA_B
3HO6_A	3HO6_A
3VZA_E	3VZA_E
1TA3_A	1TA3_A
1KXT_A	1KXT_A
4XKH_B	4XKH_B
1XD3_A	1XD3_A
2GC4_L	2GC4_L
1EWY_C	1EWY_C
1VDK_B	1VDK_B
1ZOS_C	1ZOS_C
5J2L_B	5J2L_B
5F5O_B	5F5O_B
1DJ0_B	1DJ0_B
1VZY_B	1VZY_B
4K2M_A	4K2M_A
3RKD_B	3RKD_B
2PMS_C	2PMS_C
2PMS_C	1BP5_A
4J8C_A	4J8C_A
3MCB_B	3MCB_B
7P46_A	7P46_A
3F4Y_D	3F4Y_D
3F4Y_D	3F4Y_E
3F4Y_D	3F4Y_F
2OV9_C	2OV9_C
5BS1_B	5BS1_B
5JA5_A	5JA5_A
5JDO_C	5JDO_C
5JDO_C	5JDO_E
5JDO_C	3IA3_B
5JDO_C	1JEB_C
5JDO_C	1JEB_A
4DOK_A	4DOK_A
4NSO_A	4NSO_A
3RV1_A	3RV1_A
1D3Y_B	1D3Y_B
5OPZ_A	5OPZ_A
1PK1_B	1PK1_B
3IA3_A	3IA3_A
4YN0_B	4YN0_B
3QHT_B	3QHT_B
3QHT_B	3QWQ_B
3QHT_B	3RZW_A
3QHT_B	3K2M_D
3QHT_B	5J7C_B
3QHT_B	6BX5_B
3QHT_B	3UYO_D
3VC8_B	3VC8_B
2G98_A	2G98_A
2G98_A	1ELP_B
3CQX_A	3CQX_A
3CQX_A	3CQX_B
3CQX_A	3QML_A
6YIO_B	6YIO_B
1WYI_B	1WYI_B
1WYI_B	8TIM_A
1WYI_B	1WYI_A
4H2W_A	4H2W_A
4H2W_A	4H2W_B
2AW2_B	2AW2_B
2WCU_A	2WCU_A
1PBY_C	1PBY_C
1OQE_D	1OQE_D
1OQE_D	1OQE_C
1OQE_D	1OQE_H
1OQE_D	1OQE_G
1OQE_D	1OQE_E
1OQE_D	1OQE_F
1OQE_D	1OQE_B
1OQE_D	1OQE_J
1OQE_D	1OQE_I
1OQE_D	1OQE_A
1CA0_C	1CA0_C
1CA0_C	1ACB_E
1CA0_C	1MTN_C
1CA0_C	1CBW_C
1CA0_C	1CHO_G
1ACB_I	1ACB_I
1ACB_I	2TEC_I
1ACB_I	1CSE_E
1ACB_I	2SNI_I
5YIR_A	5YIR_A
5YIR_A	5CX3_B
5YIR_A	5W9A_C
5YIR_A	5W9A_B
5YIR_A	5CX3_A
5F5O_A	5F5O_A
3FM2_A	3FM2_A
2XU8_B	2XU8_B
4CJ2_B	4CJ2_B
2V9T_B	2V9T_B
2BTI_A	2BTI_A
2PA6_B	2PA6_B
5WQL_E	5WQL_E
1CA0_B	1CA0_B
1CA0_B	1CBW_F
1CA0_B	1CHO_F
1CA0_B	1MTN_B
1CA0_B	1CBW_B
2NNU_A	2NNU_A
1CGI_I	1CGI_I
1AKJ_C	1AKJ_C
1RVJ_L	1RVJ_L
5UZU_B	5UZU_B
2V3B_A	2V3B_A
3T0Y_A	3T0Y_A
3T0Y_A	3T0Y_C
4FC2_B	4FC2_B
4N7V_B	4N7V_B
4N7V_B	4N7V_A
2FEF_B	2FEF_B
5UPK_A	5UPK_A
7S11_F	7S11_F
6O6Y_A	6O6Y_A
6BWQ_B	6BWQ_B
3H8T_A	3H8T_A
6VN0_K	6VN0_K
1RLB_F	1RLB_F
1RLB_F	1RLB_E
2P9X_D	2P9X_D
4AOQ_F	4AOQ_F
3K1R_B	3K1R_B
5LPA_A	5LPA_A
1FFW_A	1FFW_A
6U12_A	6U12_A
5KLH_A	5KLH_A
1XTY_B	1XTY_B
2VXT_I	2VXT_I
6DNQ_B	6DNQ_B
6DNQ_B	6DNQ_C
1QA9_A	1QA9_A
1T63_B	1T63_B
3HUG_D	3HUG_D
3HUG_D	3HUG_B
4KT5_C	4KT5_C
6HER_A	6HER_A
6HER_A	6SV2_A
6HER_A	6HHD_C
6HER_A	3O79_A
6HER_A	2W9E_A
2I7C_C	2I7C_C
3DGC_L	3DGC_L
2FB5_A	2FB5_A
5OP0_B	5OP0_B
2V6A_O	2V6A_O
3H6G_A	3H6G_A
3H6G_A	3H6G_B
4LYL_B	4LYL_B
4LYL_B	1UGH_E
5EB1_B	5EB1_B
3H8D_A	3H8D_A
3H8D_A	6J56_A
3H8D_A	3H8D_B
2IA1_A	2IA1_A
4LLO_B	4LLO_B
4RSW_B	4RSW_B
3F1P_B	3F1P_B
3F1P_B	3F1P_A
5MJY_A	5MJY_A
5MJY_A	5MJY_B
3KZ5_E	3KZ5_E
4KT5_B	4KT5_B
4KT5_B	4KT5_A
1AKJ_E	1AKJ_E
1AKJ_E	1AKJ_D
3SFV_B	3SFV_B
5CTR_D	5CTR_D
5CTR_D	5OK6_A
3FF8_C	3FF8_C
3FF8_C	3FF8_D
4MQV_A	4MQV_A
2JH3_B	2JH3_B
3S5L_G	3S5L_G
4LVN_A	4LVN_A
4WLR_B	4WLR_B
3DXC_A	3DXC_A
1X75_A	1X75_A
1X75_A	1X75_B
8GV6_A	8GV6_A
8GV6_A	4EEF_B
8GV6_A	7L0L_E
8GV6_A	6WIZ_B
8GV6_A	8GV7_C
8GV6_A	6WJ1_C
2PMS_B	2PMS_B
6A0Z_A	6A0Z_A
6A0Z_A	4EEF_A
6A0Z_A	1QFU_A
3SYN_A	3SYN_A
1ZHH_A	1ZHH_A
1QXO_A	1QXO_A
3GQH_A	3GQH_A
1WLG_A	1WLG_A
4FAO_F	4FAO_F
4FAO_F	4FAO_E
4FAO_F	5NGV_A
4FAO_F	5NH3_A
4FAO_F	1LX5_B
1GO4_C	1GO4_C
1GO4_C	2VFX_C
1GO4_C	1GO4_A
1GO4_C	1GO4_B
2W8X_A	2W8X_A
1LFD_A	1LFD_A
5F5S_A	5F5S_A
5HDQ_A	5HDQ_A
7C88_C	7C88_C
1SYQ_B	1SYQ_B
1SYQ_B	1SYQ_A
1SYQ_B	1ZVZ_A
4FQJ_A	4FQJ_A
2ZCA_B	2ZCA_B
5IQJ_C	5IQJ_C
3LGB_B	3LGB_B
1XWD_A	1XWD_A
1IX9_A	1IX9_A
7A66_B	7A66_B
2VZC_A	2VZC_A
3BPJ_D	3BPJ_D
1RYL_A	1RYL_A
4NIQ_B	4NIQ_B
4ETP_A	4ETP_A
4JO6_B	4JO6_B
4JO6_B	4JO6_D
4JO6_B	4JO6_A
4JO6_B	4JO6_C
2AJ7_A	2AJ7_A
5BQE_C	5BQE_C
5BQE_C	1IJX_C
6J9L_E	6J9L_E
2Z8W_A	2Z8W_A
4JQU_B	4JQU_B
1JXV_C	1JXV_C
1JXV_C	1NDL_A
2DB7_A	2DB7_A
6P5X_B	6P5X_B
3F4Y_A	3F4Y_A
3F4Y_A	3F4Y_B
3F4Y_A	3F4Y_C
6C48_F	6C48_F
3FHC_A	3FHC_A
2W8B_A	2W8B_A
2ZFZ_D	2ZFZ_D
5CX3_D	5CX3_D
5CX3_D	5CX3_C
1PK1_A	1PK1_A
4OJ6_C	4OJ6_C
1EWY_A	1EWY_A
2V1D_A	2V1D_A
2WX0_A	2WX0_A
5IFF_A	5IFF_A
7SHY_A	7SHY_A
7SHY_A	6FGO_A
7SHY_A	8F8X_B
7SHY_A	6FGO_C
7SHY_A	5XMH_A
7SHY_A	2QEJ_B
7SHY_A	2QEJ_A
2JIX_A	2JIX_A
2JIX_A	6UUH_F
2JIX_A	3HAE_F
2JIX_A	2XWT_B
2JIX_A	5OTJ_A
2JIX_A	2BDN_A
2JIX_A	2IFF_Y
2JIX_A	1FSK_B
2JIX_A	5TIH_L
2JIX_A	1NCA_L
4G6V_A	4G6V_A
4QLP_B	4QLP_B
4EOZ_D	4EOZ_D
4EOZ_D	4EOZ_B
2Q0O_C	2Q0O_C
2Q0O_C	2Q0O_D
5NL1_A	5NL1_A
5NL1_A	5NL1_B
3HAE_B	3HAE_B
3HAE_B	1DE4_E
3HAE_B	1HSA_B
3HAE_B	3H7B_B
3HAE_B	2AXG_B
3HAE_B	1AKJ_B
3HAE_B	2AXF_B
3HAE_B	2X89_G
3HAE_B	3KXF_B
3HAE_B	1DE4_B
3HAE_B	2BVO_B
5X1U_B	5X1U_B
1UPT_D	1UPT_D
6OY4_A	6OY4_A
4ZGY_A	4ZGY_A
6GHO_A	6GHO_A
4QCI_C	4QCI_C
1PVH_A	1PVH_A
5MUX_B	5MUX_B
1U6R_B	1U6R_B
3VEP_E	3VEP_E
3DGP_B	3DGP_B
6F3Z_A	6F3Z_A
1M10_B	1M10_B
1ICF_C	1ICF_C
3QQ8_A	3QQ8_A
3VEP_G	3VEP_G
5YRV_K	5YRV_K
3ONW_D	3ONW_D
3BH6_A	3BH6_A
3BH6_A	4DCN_D
3BH6_A	4DCN_B
3BH6_A	4V0O_A
1LZW_A	1LZW_A
3TZ1_B	3TZ1_B
3DPG_B	3DPG_B
1A2P_C	1A2P_C
1A2P_C	1B2S_A
1A2P_C	1BGS_A
4KHT_H	4KHT_H
1B2S_F	1B2S_F
1B2S_F	1BGS_B
1B2S_F	1B2S_E
1B2S_F	1A19_B
1B2S_F	1AY7_B
6Q9C_A	6Q9C_A
1MQ8_A	1MQ8_A
7MMN_J	7MMN_J
3C05_A	3C05_A
6A6I_A	6A6I_A
4JO6_Z	4JO6_Z
4JO6_Z	4JO6_Y
1E96_B	1E96_B
3LYY_A	3LYY_A
3RT0_D	3RT0_D
2Z6R_A	2Z6R_A
1U07_A	1U07_A
5B78_A	5B78_A
3WN7_B	3WN7_B
5IZ3_B	5IZ3_B
5EJC_E	5EJC_E
5EJC_E	5EJC_C
6DNQ_A	6DNQ_A
2PTT_A	2PTT_A
3MMH_B	3MMH_B
4BWQ_B	4BWQ_B
1AAP_B	1AAP_B
1AAP_B	1CA0_D
1AAP_B	1TAW_B
1AAP_B	1BRC_I
1AAP_B	1AAP_A
2IY0_C	2IY0_C
2IY0_C	2GRN_B
2WYA_A	2WYA_A
3LPE_B	3LPE_B
3MJ9_A	3MJ9_A
4ZYA_A	4ZYA_A
3DGC_S	3DGC_S
6B12_A	6B12_A
2P58_A	2P58_A
3EJH_E	3EJH_E
3K1R_A	3K1R_A
4BQD_B	4BQD_B
4U2X_D	4U2X_D
2G9H_D	2G9H_D
4YEB_A	4YEB_A
5DOB_A	5DOB_A
2Y4X_B	2Y4X_B
4J2L_A	4J2L_A
4LZX_B	4LZX_B
2F3Y_B	2F3Y_B
2F3Y_B	2F3Z_B
4BRU_B	4BRU_B
3TVJ_I	3TVJ_I
2PFX_B	2PFX_B
7M3N_A	7M3N_A
1XSZ_A	1XSZ_A
7L7R_G	7L7R_G
2WUS_A	2WUS_A
2PCB_B	2PCB_B
2PCB_B	1WEJ_F
3D5O_F	3D5O_F
3D5O_F	7SEG_C
3D5O_F	5ML9_A
6IVZ_H	6IVZ_H
6IVZ_H	6H3T_A
6IVZ_H	1OP9_A
6IVZ_H	4I0C_B
6IVZ_H	5E7F_C
6IVZ_H	5E7F_A
6IVZ_H	5E7F_B
6IVZ_H	1KXT_B
6IVZ_H	5OMN_C
6IVZ_H	5M2M_D
6IVZ_H	5M2M_E
6IVZ_H	5M2M_F
6IVZ_H	5IP4_A
6IVZ_H	4EIZ_D
6IVZ_H	2P4A_B
6IVZ_H	4HEP_G
6IVZ_H	3OGO_H
6IVZ_H	5O0W_G
6IVZ_H	5O0W_E
6IVZ_H	5O0W_F
6IVZ_H	5O0W_H
6IVZ_H	5J57_B
6IVZ_H	6H71_C
6IVZ_H	6H71_D
6IVZ_H	6CWG_B
6IVZ_H	5YOY_H
6IVZ_H	2VYR_J
6IVZ_H	2VYR_E
6IVZ_H	5YOY_G
6IVZ_H	5YOY_I
6IVZ_H	2VYR_F
6IVZ_H	2VYR_K
6IVZ_H	2VYR_L
6IVZ_H	4UU9_A
6IVZ_H	2VYR_I
6IVZ_H	2YBR_A
6IVZ_H	5N88_A
6IVZ_H	5DMJ_B
6IVZ_H	3P9W_B
6IVZ_H	2VYR_G
6IVZ_H	2VYR_H
6IVZ_H	4LGP_B
6IVZ_H	2AEQ_H
6IVZ_H	5L21_B
6IVZ_H	5NH3_I
6IVZ_H	4M8Q_A
4DTG_K	4DTG_K
4DTG_K	5NMV_K
4DTG_K	4BQD_A
4CNI_C	4CNI_C
5BQE_B	5BQE_B
5BQE_B	5BQE_A
3OI8_A	3OI8_A
1K5D_C	1K5D_C
1JNR_C	1JNR_C
4LLO_A	4LLO_A
4RP5_A	4RP5_A
7AQX_A	7AQX_A
7AQX_A	7AR0_A
7AQX_A	7AQY_A
4MRT_C	4MRT_C
1EER_C	1EER_C
1EER_C	1EER_B
1EER_C	2JIX_B
2YVJ_B	2YVJ_B
4FQ0_A	4FQ0_A
2QXV_A	2QXV_A
1LWD_B	1LWD_B
4YC7_B	4YC7_B
2PSM_A	2PSM_A
1L2W_D	1L2W_D
1L2W_D	1L2W_I
5H6X_A	5H6X_A
1JYO_C	1JYO_C
3GJ8_B	3GJ8_B
3B4Q_B	3B4Q_B
5OYL_D	5OYL_D
1M10_A	1M10_A
1M10_A	1UEX_C
2PSP_B	2PSP_B
5L0S_A	5L0S_A
3NRL_B	3NRL_B
3RXY_A	3RXY_A
1I51_A	1I51_A
1I51_A	1I51_C
6AS3_A	6AS3_A
2Y20_A	2Y20_A
5EXE_C	5EXE_C
3OFG_B	3OFG_B
4FHR_A	4FHR_A
1KAC_A	1KAC_A
3PKZ_A	3PKZ_A
4JGI_A	4JGI_A
5JYL_C	5JYL_C
5JYL_C	3FF8_B
5JYL_C	3FF8_A
5JYL_C	2OMY_B
3IPF_A	3IPF_A
2E6X_A	2E6X_A
3ZWH_A	3ZWH_A
3ZWH_A	3ZWH_B
6C48_C	6C48_C
1PP0_C	1PP0_C
4FZV_A	4FZV_A
2BMO_B	2BMO_B
4GEQ_B	4GEQ_B
2JBY_B	2JBY_B
1XHK_B	1XHK_B
4N7V_C	4N7V_C
5EN2_C	5EN2_C
4HFQ_A	4HFQ_A
1KPS_A	1KPS_A
5H1N_A	5H1N_A
7Q0I_C	7Q0I_C
4X33_B	4X33_B
1GUA_B	1GUA_B
3PES_A	3PES_A
5BNH_A	5BNH_A
6JCS_R	6JCS_R
5WB7_D	5WB7_D
5WB7_D	5WB7_E
7Z2M_K	7Z2M_K
7Z2M_K	8B7W_C
4M5F_A	4M5F_A
1X75_C	1X75_C
1X75_C	3HPW_A
1X75_C	1X75_D
1X75_C	3HPW_B
4IU3_B	4IU3_B
1L2W_B	1L2W_B
1L2W_B	1L2W_A
4FCH_B	4FCH_B
3NKE_B	3NKE_B
5SXP_B	5SXP_B
5SXP_B	5SXP_A
5SXP_B	1GCQ_C
5SXP_B	4CC4_B
4C99_B	4C99_B
4C99_B	4C99_D
5OL4_A	5OL4_A
4PJ2_A	4PJ2_A
1WX1_B	1WX1_B
5AAM_J	5AAM_J
7TYV_C	7TYV_C
3RU8_X	3RU8_X
1WPB_G	1WPB_G
3OXP_A	3OXP_A
5F1B_C	5F1B_C
5F1B_C	5KWY_A
5JQ6_A	5JQ6_A
3GHD_A	3GHD_A
3UL4_A	3UL4_A
1WRD_A	1WRD_A
